,Gtm,Date,Tm,Opp,Rslt,Inngs,PA,AB,R,H,2B,3B,HR,RBI,BB,IBB,SO,HBP,SH,SF,ROE,GDP,SB,CS,BA,OBP,SLG,OPS,BOP,aLI,WPA,acLI,cWPA,Pos,HR_count
0,1,Apr 12,NYY,PHA,"W,8-3",GS-6,3,3,0,0,0,0,0,0,0,0,2,0,0,,0,,0,0,.000,.000,.000,.000,3,1.14,-0.160,2.89,-0.25%,RF,0
1,2,Apr 13,NYY,PHA,"W,10-4",CG,5,4,2,2,0,0,0,0,1,0,1,0,0,,0,,0,0,.286,.375,.286,.661,3,.78,0.065,2.11,0.11%,RF,0
2,3,Apr 14,NYY,PHA,"T,9-9",CG(10),5,3,2,1,0,0,0,0,2,0,0,0,0,,0,,0,0,.300,.462,.300,.762,3,1.53,0.001,4.33,0.00%,RF,0
3,4,Apr 15,NYY,PHA,"W,6-3",CG,5,4,2,2,0,0,1,1,1,0,1,0,0,,0,,0,0,.357,.500,.571,1.071,3,.48,0.114,1.37,0.20%,RF,1
4,5,Apr 16,NYY,BOS,"W,5-2",CG,4,2,2,0,0,0,0,0,2,0,0,0,0,,0,,0,0,.313,.500,.500,1.000,3,1.39,0.014,4.16,0.03%,RF,1
5,6,Apr 17,NYY,BOS,"W,14-2",CG,5,3,2,1,0,0,0,0,2,0,0,0,0,,0,,0,0,.316,.519,.474,.992,3,.40,0.020,1.28,0.04%,RF,1
6,7,Apr 18,NYY,BOS,"W,3-0",CG,4,3,1,1,0,0,0,0,1,0,1,0,0,,0,,0,0,.318,.516,.455,.971,3,.66,0.041,2.22,0.08%,RF,1
7,8,Apr 19,NYY,BOS,"L,3-6",CG,4,4,0,0,0,0,0,0,0,0,1,0,0,,0,,0,0,.269,.457,.385,.842,3,1.12,-0.153,4.03,-0.33%,RF,1
8,9,Apr 20,NYY,PHA,"L,5-8",CG,4,4,0,0,0,0,0,0,0,0,1,0,0,,0,,0,0,.233,.410,.333,.744,3,.88,-0.054,3.18,-0.12%,LF,1
9,10,Apr 21,NYY,PHA,"W,13-6",CG,6,2,2,1,0,0,0,0,4,0,0,0,0,,0,,0,0,.250,.467,.344,.810,3,.94,0.087,3.11,0.17%,LF,1
10,11,Apr 23,NYY,PHA,"L,3-4",CG,5,5,1,1,0,0,1,1,0,0,0,0,0,,0,,0,0,.243,.440,.405,.845,3,1.32,-0.066,4.74,-0.14%,LF,2
11,12,Apr 24,NYY,WSH,"W,6-2",CG,5,4,1,3,0,0,1,1,1,1,0,0,0,,0,,0,1,.293,.473,.512,.985,3,.55,0.153,1.84,0.31%,RF,3
12,13,Apr 25,NYY,WSH,"L,4-5",CG,5,3,0,0,0,0,0,0,2,0,2,0,0,,0,,0,0,.273,.467,.477,.944,3,1.70,-0.060,6.01,-0.13%,RF,3
13,14,Apr 29,NYY,BOS,"W,9-0",CG,5,4,3,3,1,0,1,3,1,0,0,0,0,,0,,0,0,.313,.492,.583,1.076,3,.44,-0.002,1.36,0.00%,LF,4
14,15,Apr 30,NYY,BOS,"L,2-3",CG,4,3,0,2,0,0,0,0,1,0,0,0,0,,0,,0,0,.333,.507,.588,1.095,3,.97,0.030,3.23,0.06%,LF,4
16,16,May 1,NYY,PHA,"W,7-3",CG,4,4,2,2,0,0,2,3,0,0,0,0,0,,0,,0,0,.345,.507,.691,1.198,3,1.31,0.152,4.68,0.33%,RF,6
17,17,May 2,NYY,WSH,"W,9-6",CG,5,5,1,1,0,0,0,0,0,0,2,0,0,,0,,0,0,.333,.487,.650,1.137,3,.58,0.014,2.12,0.03%,RF,6
18,18,May 3,NYY,WSH,"W,6-4",CG,5,4,0,1,0,0,0,1,1,0,2,0,0,,0,,0,0,.328,.482,.625,1.107,3,1.64,0.056,6.08,0.13%,RF,6
19,19,May 4,NYY,WSH,"L,4-7",CG,5,4,1,1,0,0,0,1,1,0,1,0,0,,0,,0,0,.324,.477,.603,1.080,3,.98,-0.003,3.89,-0.01%,RF,6
20,20,May 5,NYY,WSH,"L,1-6",CG,4,3,0,1,0,0,0,0,1,0,0,0,0,,0,,0,0,.324,.478,.592,1.070,3,1.18,0.057,4.67,0.14%,RF,6
21,21,May 7,NYY,CHW,"W,8-0",CG,5,4,2,1,0,0,0,0,1,0,1,0,0,,0,,0,0,.320,.474,.573,1.048,3,.69,0.033,2.76,0.08%,LF,6
22,22,May 8,NYY,CHW,"W,9-0",CG,5,4,0,2,1,0,0,0,1,0,0,0,0,,0,,0,1,.329,.480,.582,1.063,3,.43,0.021,1.83,0.05%,LF,6
23,23,May 9,NYY,CHW,"L,1-2",CG(10),4,3,0,0,0,0,0,0,1,0,0,0,0,,0,,0,0,.317,.472,.561,1.033,3,1.04,0.002,4.71,0.01%,LF,6
24,24,May 10,NYY,SLB,"W,8-7",CG,5,4,1,1,0,0,1,3,1,0,0,0,0,,0,,0,0,.314,.468,.581,1.050,3,2.11,0.131,8.87,0.33%,LF,7
25,25,May 11,NYY,SLB,"W,4-2",CG,4,4,2,2,1,0,1,2,0,0,1,0,0,,0,,0,0,.322,.470,.622,1.092,3,.82,0.153,3.63,0.41%,LF,8
26,26,May 12,NYY,SLB,"W,4-3",CG,4,4,1,2,1,0,0,1,0,0,1,0,0,,0,,0,0,.330,.471,.628,1.098,3,.80,0.108,3.68,0.30%,LF,8
27,27,May 13,NYY,SLB,"W,3-1",CG,5,2,1,0,0,0,0,0,3,0,1,0,0,,0,,0,0,.323,.476,.615,1.090,3,.87,0.024,4.13,0.07%,LF,8
28,28,May 16,NYY,DET,"W,6-2",CG,5,3,0,1,0,0,0,3,1,0,0,0,0,,0,,0,0,.323,.477,.606,1.083,3,1.38,0.045,7.08,0.14%,LF,8
29,29,May 17,NYY,DET,"W,9-2",CG,6,4,1,1,0,0,1,1,1,0,1,0,0,,0,,0,0,.320,.474,.621,1.095,3,1.09,-0.086,5.74,-0.27%,LF,9
30,30,May 19,NYY,CLE,"W,4-3",CG,4,2,0,0,0,0,0,0,2,0,0,0,0,,0,,0,0,.314,.474,.610,1.084,3,1.05,0.035,5.39,0.11%,RF,9
31,31,May 20,NYY,CLE,"L,1-2",CG,4,2,1,1,0,0,0,0,2,0,0,0,0,,0,,0,0,.318,.482,.607,1.090,3,1.67,0.152,8.79,0.48%,RF,9
32,32,May 21,NYY,CLE,"L,4-5",CG(12),6,5,2,2,1,0,0,0,1,0,0,0,0,,0,,0,0,.321,.483,.607,1.090,3,1.31,-0.017,6.71,-0.05%,RF,9
33,33,May 22,NYY,CLE,"W,7-2",CG,5,2,2,1,0,0,1,2,3,0,0,0,0,,0,,0,0,.325,.493,.632,1.125,3,.60,0.074,3.13,0.23%,RF,10
34,34,May 23,NYY,WSH,"L,2-3",CG,4,4,1,2,1,0,1,1,0,0,1,0,0,,0,,0,0,.331,.494,.661,1.155,3,.97,0.117,5.22,0.38%,RF,11
35,35,May 27 (1),NYY,WSH,"L,2-7",CG,4,3,2,1,0,0,0,0,1,0,0,0,0,,0,,0,0,.331,.494,.653,1.147,3,.55,-0.044,2.94,-0.14%,RF,11
36,36,May 27 (2),NYY,WSH,"W,5-0",CG,4,4,1,0,0,0,0,0,0,0,1,0,0,,1,,0,0,.320,.482,.632,1.114,3,.68,-0.009,3.63,-0.03%,RF,11
37,37,May 28 (1),NYY,WSH,"W,8-2",CG,4,4,1,3,0,1,1,3,0,0,0,0,0,,0,,0,0,.333,.488,.674,1.163,3,1.09,0.123,5.71,0.39%,RF,12
38,38,May 28 (2),NYY,WSH,"L,2-3",CG,4,4,0,1,0,0,0,0,0,0,1,0,0,,0,,0,0,.331,.483,.662,1.144,3,1.57,-0.054,8.17,-0.17%,RF,12
39,39,May 29,NYY,BOS,"W,15-7",CG,6,5,2,2,0,0,1,4,1,0,1,0,0,,0,,0,0,.333,.483,.674,1.157,3,.78,0.033,3.71,0.10%,RF,13
40,40,May 30 (1),NYY,PHA,"L,8-9",CG,5,5,1,2,1,0,0,1,0,0,2,0,0,,0,,0,0,.336,.481,.671,1.152,3,.97,0.087,5.71,0.31%,LF,13
41,41,May 30 (2),NYY,PHA,"W,6-5",CG(11),6,4,3,2,0,0,1,1,2,0,0,0,0,,0,,0,0,.340,.487,.687,1.174,3,1.62,0.455,9.52,1.61%,LF,14
42,42,May 31 (1),NYY,PHA,"W,10-3",CG,5,4,2,1,0,0,1,2,1,0,1,0,0,,0,,0,0,.338,.485,.695,1.180,3,.38,0.153,2.26,0.55%,LF,15
43,43,May 31 (2),NYY,PHA,"W,18-5",GS-9,6,6,2,3,1,0,1,5,0,0,1,0,0,,0,,0,0,.344,.485,.713,1.198,3,.54,0.181,3.16,0.63%,LF,16
45,44,Jun 1,NYY,PHA,"W,2-1",CG,4,4,0,0,0,0,0,0,0,0,1,0,0,,0,,0,0,.335,.475,.696,1.171,3,1.15,-0.125,6.99,-0.46%,LF,16
46,45,Jun 2,NYY,DET,"W,2-0",CG,4,3,0,1,0,0,0,1,1,0,0,0,0,,0,,0,1,.335,.476,.689,1.165,3,.73,-0.011,3.74,-0.03%,RF,16
47,46,Jun 3,NYY,DET,"L,1-3",CG,4,3,0,1,0,0,0,0,1,0,1,0,0,,0,,0,0,.335,.476,.683,1.159,3,1.18,0.015,5.93,0.05%,RF,16
48,47,Jun 5,NYY,DET,"W,5-3",CG,4,4,1,2,0,0,1,2,0,0,1,0,0,,0,,0,0,.339,.477,.696,1.173,3,1.63,0.268,8.20,0.81%,RF,17
49,48,Jun 7,NYY,CHW,"W,4-1",CG,4,3,1,1,0,0,1,1,1,0,0,0,0,,0,,0,0,.339,.477,.707,1.184,3,.55,0.113,4.07,0.50%,RF,18
50,49,Jun 8,NYY,CHW,"W,12-11",CG(11),6,4,1,1,0,0,0,0,2,0,2,0,0,,0,,0,0,.337,.478,.697,1.175,3,1.19,-0.055,8.60,-0.24%,RF,18
51,50,Jun 9,NYY,CHW,"W,8-3",CG,4,2,2,1,0,1,0,0,2,0,0,0,0,,0,,1,0,.339,.483,.706,1.188,3,.77,0.083,5.86,0.38%,RF,18
52,51,Jun 10,NYY,CHW,"L,2-4",CG,4,2,0,0,0,0,0,0,2,0,0,0,0,,0,,0,1,.335,.483,.698,1.181,3,1.25,-0.085,9.10,-0.37%,RF,18
53,52,Jun 11,NYY,CLE,"W,6-4",CG,5,3,2,2,0,0,2,3,2,0,1,0,0,,0,,0,0,.341,.490,.730,1.219,3,.60,0.216,3.11,0.68%,RF,20
54,53,Jun 12,NYY,CLE,"L,7-8",CG,5,5,1,2,1,0,1,1,0,0,2,0,0,,0,,0,0,.342,.488,.742,1.230,3,1.48,-0.097,7.68,-0.30%,RF,21
55,54,Jun 13,NYY,CLE,"W,14-6",GS-8,5,4,0,1,1,0,0,0,1,0,2,0,0,,0,,0,0,.340,.486,.737,1.223,3,.27,-0.040,1.39,-0.13%,RF,21
56,55,Jun 16,NYY,SLB,"W,8-1",CG,4,4,2,2,0,0,1,2,0,0,1,0,0,,0,,0,0,.343,.486,.747,1.234,3,.49,0.170,2.62,0.55%,RF,22
57,56,Jun 17,NYY,SLB,"W,3-2",GS-2,1,1,0,0,0,0,0,0,0,0,0,0,0,,0,,0,0,.342,.484,.744,1.228,3,1.21,-0.054,6.16,-0.16%,RF,22
58,57,Jun 18,NYY,SLB,"W,8-4",GS-9,5,4,0,1,0,0,0,0,1,0,0,0,0,,0,,0,0,.340,.483,.734,1.217,3,1.01,-0.047,5.14,-0.14%,RF,22
59,58,Jun 21 (1),NYY,BOS,"W,7-3",CG,5,5,1,2,0,0,0,0,0,0,0,0,0,,0,,0,0,.341,.481,.726,1.207,3,.39,0.074,1.77,0.20%,LF,22
60,59,Jun 21 (2),NYY,BOS,"W,7-1",GS-7,4,2,2,1,1,0,0,0,2,0,0,0,0,,0,,0,0,.343,.485,.729,1.214,3,.61,0.095,2.61,0.25%,LF,22
61,60,Jun 22 (1),NYY,BOS,"W,7-4",CG,4,4,2,2,0,0,2,3,0,0,1,0,0,,0,,0,0,.346,.485,.752,1.238,3,1.09,0.241,4.52,0.60%,LF,24
62,61,Jun 22 (2),NYY,BOS,"W,3-2",CG,4,2,1,1,0,0,0,0,2,0,1,0,0,,0,,0,0,.347,.489,.750,1.239,3,.80,0.007,3.16,0.02%,LF,24
63,62,Jun 23,NYY,BOS,"W,11-4",CG,5,4,1,1,0,0,0,2,0,0,0,0,1,,0,,0,0,.345,.486,.741,1.227,3,1.00,0.130,3.53,0.28%,LF,24
64,63,Jun 25 (1),NYY,PHA,"L,6-7",GS-9,5,3,1,1,0,0,0,0,2,0,1,0,0,,0,,0,0,.345,.488,.735,1.223,3,1.88,0.015,8.42,0.04%,RF,24
65,64,Jun 25 (2),NYY,PHA,"L,2-4",GS-2,1,1,0,0,0,0,0,0,0,0,1,0,0,,0,,0,0,.344,.486,.732,1.218,3,1.21,-0.030,6.01,-0.09%,RF,24
66,69Â (4),Jun 29,NYY,BOS,"W,8-2",CG,5,5,1,4,1,0,0,1,0,0,0,0,0,,0,,0,0,.354,.491,.738,1.229,3,.98,0.163,3.46,0.34%,RF,24
67,70,Jun 30,NYY,BOS,"W,13-6",CG,5,4,2,2,1,0,1,3,1,0,1,0,0,,0,,0,0,.356,.493,.751,1.244,3,.64,0.270,2.19,0.55%,RF,25
69,71,Jul 1,NYY,BOS,"W,7-4",CG,4,4,1,2,0,0,0,1,0,0,0,0,0,,0,,0,0,.359,.493,.747,1.240,3,.55,0.038,1.79,0.07%,RF,25
70,72,Jul 2,NYY,BOS,"W,3-2",CG,4,4,0,1,0,0,0,0,0,0,0,0,0,,0,,0,0,.357,.490,.739,1.229,3,1.23,-0.066,3.55,-0.11%,RF,25
71,73,Jul 3,NYY,WSH,"L,5-6",CG,5,3,1,1,0,0,1,1,2,0,1,0,0,,0,,0,0,.357,.492,.746,1.238,3,1.28,0.148,4.76,0.33%,RF,26
72,74,Jul 4 (1),NYY,WSH,"W,12-1",CG,5,4,2,2,0,0,0,1,1,0,1,0,0,,0,,0,1,.359,.494,.742,1.236,3,.58,-0.009,2.54,-0.02%,RF,26
73,75,Jul 4 (2),NYY,WSH,"W,21-1",GS-7,5,3,3,3,0,1,0,1,2,0,0,0,0,,0,,0,0,.367,.502,.753,1.255,3,.30,0.120,1.09,0.27%,RF,26
74,76,Jul 5,NYY,WSH,"W,7-6",CG,5,3,2,1,1,0,0,1,1,0,0,0,0,,0,,0,0,.366,.502,.752,1.254,3,.98,0.006,3.02,0.01%,RF,26
75,77,Jul 8 (1),NYY,DET,"L,8-11",CG,5,5,0,0,0,0,0,0,0,0,0,0,0,,0,,0,0,.359,.494,.737,1.231,3,1.52,-0.206,3.98,-0.32%,LF,26
76,78,Jul 8 (2),NYY,DET,"W,10-8",CG,5,3,1,2,0,0,1,5,2,0,0,0,0,,0,,1,0,.363,.498,.748,1.247,3,.59,0.275,1.81,0.51%,LF,27
77,79,Jul 9 (1),NYY,DET,"W,19-7",CG,6,6,3,5,2,0,2,7,0,0,0,0,0,,0,,0,0,.373,.504,.780,1.284,3,.88,0.379,2.28,0.59%,LF,29
78,80,Jul 9 (2),NYY,DET,"L,4-14",CG(7),4,3,2,1,1,0,0,0,1,0,1,0,0,,0,,0,0,.373,.504,.779,1.283,3,.53,-0.046,1.11,-0.06%,LF,29
79,81,Jul 10,NYY,DET,"L,3-6",CG,5,5,0,0,0,0,0,0,0,0,2,0,0,,0,,0,0,.366,.497,.764,1.262,3,.84,-0.119,2.19,-0.19%,LF,29
80,82,Jul 11,NYY,DET,"W,8-5",CG,5,4,1,0,0,0,0,0,1,0,0,0,0,,0,,0,0,.361,.493,.754,1.246,3,.80,-0.013,2.52,-0.02%,LF,29
81,83,Jul 12,NYY,CLE,"W,7-0",CG,5,4,1,1,0,0,1,2,1,0,1,0,0,,0,,0,0,.359,.492,.757,1.249,3,.59,-0.012,1.55,-0.02%,RF,30
82,84,Jul 13,NYY,CLE,"W,5-3",CG,4,4,0,4,1,0,0,1,0,0,0,0,0,,0,,0,0,.368,.497,.764,1.261,3,1.45,0.442,3.33,0.61%,RF,30
83,85,Jul 14,NYY,CLE,"L,1-4",CG,4,3,0,0,0,0,0,0,1,0,1,0,0,,0,,0,0,.364,.495,.756,1.251,3,1.30,-0.055,2.32,-0.06%,RF,30
84,86,Jul 15,NYY,CLE,"W,10-9",CG,5,2,2,1,0,0,0,2,3,0,0,0,0,,0,,0,0,.365,.499,.754,1.253,3,1.49,0.257,3.10,0.32%,RF,30
85,87,Jul 16,NYY,SLB,"W,5-2",CG,5,3,0,0,0,0,0,0,1,0,0,0,0,,0,,0,0,.361,.496,.747,1.243,3,1.10,-0.135,1.97,-0.15%,LF,30
86,88,Jul 17,NYY,SLB,"W,5-4",CG,4,2,0,1,0,0,0,0,1,0,1,0,0,,0,,0,0,.362,.497,.745,1.242,3,1.59,0.033,2.22,0.03%,LF,30
87,89,Jul 18,NYY,SLB,"W,10-6",CG,5,4,0,1,0,0,0,0,1,0,0,0,0,,0,,0,0,.361,.496,.738,1.234,3,.78,0.021,.98,0.02%,LF,30
88,90,Jul 19,NYY,SLB,"W,6-1",CG,5,4,1,1,0,0,0,1,1,0,1,0,0,,0,,0,0,.359,.495,.732,1.227,3,.34,0.027,.34,0.02%,LF,30
89,91,Jul 21,NYY,CHW,"W,4-1",CG,4,2,0,1,1,0,0,1,2,0,0,0,0,,0,,0,0,.360,.497,.734,1.231,3,.96,0.130,1.01,0.08%,LF,30
90,92,Jul 22,NYY,CHW,"L,5-7",CG,5,5,1,2,0,1,0,2,0,0,1,0,0,,0,,0,0,.361,.496,.735,1.231,3,.83,-0.062,.71,-0.03%,LF,30
91,93,Jul 23,NYY,CHW,"W,5-2",CG,5,3,0,1,0,0,0,0,2,0,1,0,0,,0,,0,0,.361,.498,.731,1.229,3,.92,0.123,.75,0.06%,LF,30
92,94,Jul 24,NYY,CHW,"W,3-2",CG,4,3,2,2,0,1,1,1,1,0,0,0,0,,0,,0,0,.364,.500,.746,1.246,3,.79,0.112,.59,0.05%,LF,31
93,95,Jul 26 (1),NYY,SLB,"W,15-1",CG,5,4,4,4,0,0,2,3,1,0,0,0,0,,0,,0,0,.372,.506,.768,1.274,3,.41,0.202,.23,0.07%,RF,33
94,96,Jul 26 (2),NYY,SLB,"W,12-3",GS-8,4,4,2,3,0,0,0,1,0,0,0,0,0,,0,,0,0,.376,.508,.768,1.276,3,1.18,0.223,.57,0.07%,RF,33
95,97,Jul 27,NYY,SLB,"W,4-1",CG,4,2,1,0,0,0,0,1,2,0,0,0,0,,0,,0,0,.374,.508,.763,1.271,3,.78,0.064,.44,0.02%,RF,33
96,98,Jul 28,NYY,SLB,"W,9-4",CG,5,5,2,3,0,0,1,3,0,0,1,0,0,,0,,0,0,.377,.509,.769,1.279,3,.44,0.047,.16,0.01%,RF,34
97,99,Jul 29,NYY,CLE,"L,4-6",CG,5,3,0,3,2,0,0,0,2,1,0,0,0,,0,,0,0,.383,.515,.777,1.293,3,1.54,0.305,.59,0.07%,RF,34
98,100,Jul 30 (1),NYY,CLE,"W,7-3",CG,5,4,2,1,0,0,0,0,1,0,1,0,0,,0,,0,0,.381,.514,.771,1.285,3,.71,0.019,.30,0.01%,RF,34
99,101,Jul 30 (2),NYY,CLE,"W,5-0",CG,4,3,0,0,0,0,0,0,1,0,1,0,0,,0,,0,0,.378,.511,.765,1.276,3,.73,-0.057,.30,-0.01%,RF,34
101,102,Aug 1,NYY,CLE,"L,1-2",CG(6),3,2,0,0,0,0,0,0,0,0,0,0,1,,0,,0,0,.376,.509,.760,1.269,3,1.46,-0.089,.68,-0.03%,RF,34
102,103,Aug 3 (1),NYY,DET,"L,5-6",CG,4,4,0,0,0,0,0,0,0,0,1,0,0,,0,,0,0,.371,.505,.751,1.256,3,1.24,-0.127,.45,-0.03%,RF,34
103,104,Aug 3 (2),NYY,DET,"W,8-6",CG,5,4,1,2,1,0,0,1,1,0,1,0,0,,0,,0,0,.373,.506,.751,1.257,3,.69,0.121,.44,0.05%,RF,34
104,105,Aug 4,NYY,DET,"L,2-6",CG,4,3,1,0,0,0,0,1,1,0,0,0,0,,0,,0,0,.370,.503,.745,1.248,3,.97,-0.084,.46,-0.02%,RF,34
105,106,Aug 5,NYY,DET,"W,5-2",CG,4,4,3,2,1,0,1,1,0,0,0,0,0,,0,,0,0,.371,.503,.753,1.257,3,.67,0.027,.49,0.01%,RF,35
106,107,Aug 6,NYY,CHW,"L,3-6",CG,4,4,0,0,0,0,0,0,0,0,2,0,0,,0,,0,0,.367,.499,.745,1.244,3,.92,-0.098,.65,-0.04%,RF,35
107,108,Aug 7,NYY,CHW,"W,4-3",CG,4,3,0,0,0,0,0,0,1,0,0,0,0,,0,,0,0,.364,.497,.739,1.236,3,.97,-0.065,.66,-0.03%,RF,35
108,109,Aug 9,NYY,PHA,"L,1-8",CG,4,4,0,0,0,0,0,0,0,0,0,0,0,,0,,0,0,.360,.493,.731,1.224,3,.88,-0.080,.40,-0.02%,LF,35
109,110,Aug 10,NYY,WSH,"W,4-3",CG,5,4,1,3,0,0,1,4,1,0,0,0,0,,0,,0,0,.364,.496,.739,1.235,3,.94,0.228,1.19,0.17%,RF,36
110,111,Aug 11,NYY,WSH,"L,2-3",CG(11),5,4,0,0,0,0,0,0,1,0,1,0,0,,0,,1,0,.361,.493,.732,1.224,3,1.79,-0.038,1.30,-0.02%,RF,36
111,112,Aug 13,NYY,WSH,"W,6-3",GS-9,5,3,1,1,0,0,0,0,2,0,1,0,0,,0,,0,0,.360,.494,.728,1.222,3,1.06,0.010,1.02,0.01%,RF,36
112,113,Aug 14,NYY,WSH,"W,6-2",CG,5,5,1,1,0,0,0,3,0,0,1,0,0,,0,,0,0,.358,.491,.722,1.212,3,.74,0.046,.39,0.02%,RF,36
113,114,Aug 16,NYY,CHW,"W,8-1",CG,5,3,2,2,1,0,1,2,2,0,0,0,0,,0,,0,0,.361,.494,.731,1.225,3,.51,0.119,.08,0.01%,LF,37
114,115,Aug 17,NYY,CHW,"W,3-2",CG(11),5,4,1,1,0,0,1,1,1,0,2,0,0,,0,,0,0,.359,.493,.734,1.227,3,1.92,0.254,.22,0.02%,LF,38
115,116,Aug 18,NYY,CHW,"W,5-4",CG(12),6,5,0,1,1,0,0,0,0,0,2,0,1,,0,,0,0,.358,.490,.730,1.220,3,1.64,0.050,.13,0.00%,LF,38
116,117,Aug 19,NYY,CHW,"L,2-3",CG,4,3,0,1,0,0,0,0,1,0,1,0,0,,0,,0,0,.357,.490,.727,1.217,3,.78,0.034,.03,0.00%,LF,38
117,118,Aug 20,NYY,CLE,"L,8-14",GS-8,4,3,1,1,0,0,1,3,1,0,0,0,0,,0,,0,0,.357,.490,.732,1.222,3,1.56,0.170,.07,0.00%,RF,39
118,119,Aug 21,NYY,CLE,"L,4-7",GS-1,1,1,0,1,0,0,0,0,0,0,0,0,0,,0,,0,0,.359,.491,.732,1.223,3,.41,0.012,.02,0.00%,RF,39
119,120,Aug 22,NYY,CLE,"L,4-9",CG,4,3,1,1,0,0,1,1,1,0,0,0,0,,0,,0,0,.359,.491,.737,1.228,3,.45,0.016,.02,0.00%,RF,40
120,121,Aug 24,NYY,DET,"W,9-5",CG,5,2,0,0,0,0,0,1,2,0,0,0,0,,0,,0,0,.357,.491,.733,1.224,3,1.53,-0.031,.25,0.00%,LF,40
121,122,Aug 25,NYY,DET,"W,8-2",CG,5,2,1,0,0,0,0,0,3,0,0,0,0,,0,,0,0,.355,.492,.729,1.222,3,.87,0.101,.05,0.00%,LF,40
122,123,Aug 26,NYY,DET,"W,8-6",CG,5,4,1,2,1,1,0,3,1,0,1,0,0,,0,,0,0,.356,.493,.734,1.228,3,1.90,0.301,.06,0.01%,LF,40
123,124,Aug 27,NYY,SLB,"W,14-4",CG,6,4,3,2,0,1,1,3,1,0,0,0,0,,0,,0,0,.358,.494,.744,1.238,3,.53,0.027,.00,0.00%,LF,41
124,125,Aug 28,NYY,SLB,"W,10-6",CG,5,4,1,1,0,0,1,2,1,0,2,0,0,,0,,0,0,.357,.494,.746,1.240,3,.83,0.119,.00,0.00%,LF,42
125,126,Aug 29,NYY,SLB,"W,8-3",CG,5,4,1,0,0,0,0,0,1,0,1,0,0,,0,,0,0,.353,.491,.740,1.230,3,.35,-0.003,.00,0.00%,LF,42
126,127,Aug 31,NYY,BOS,"W,10-3",CG,5,4,3,1,0,0,1,1,1,0,1,0,0,,1,,1,0,.353,.490,.742,1.232,3,.83,0.042,.00,0.00%,RF,43
128,128,Sep 2,NYY,PHA,"W,12-2",CG,6,3,1,1,0,0,1,3,1,0,0,0,0,,0,,0,0,.352,.490,.746,1.236,3,.19,0.095,.00,0.00%,LF,44
129,129,Sep 3,NYY,PHA,"L,0-1",CG,4,4,0,2,0,0,0,0,0,0,1,0,0,,0,,0,0,.354,.490,.744,1.234,3,1.00,0.003,.00,0.00%,LF,44
130,130,Sep 5 (1),NYY,BOS,"L,11-12",CG(18),10,7,1,1,1,0,0,1,2,0,2,0,0,,0,,1,0,.350,.488,.737,1.224,3,1.68,-0.268,.00,0.00%,LF,44
131,131,Sep 5 (2),NYY,BOS,"W,5-0",CG(5),3,3,0,0,0,0,0,0,0,0,1,0,0,,0,,0,0,.348,.485,.732,1.217,3,.43,-0.036,.00,0.00%,LF,44
132,132,Sep 6 (1),NYY,BOS,"W,14-2",CG,6,6,2,2,0,0,2,5,0,0,1,0,0,,0,,0,0,.348,.484,.740,1.223,3,.45,-0.030,.00,0.00%,LF,46
133,133,Sep 6 (2),NYY,BOS,"L,2-5",CG,4,4,1,1,0,0,1,1,0,0,1,0,0,,0,,0,0,.347,.482,.742,1.224,3,.54,-0.048,.00,0.00%,LF,47
134,134,Sep 7,NYY,BOS,"W,12-10",CG,5,5,3,4,1,0,2,5,0,0,1,0,0,,0,,0,0,.352,.485,.758,1.242,3,1.30,0.248,.00,0.00%,LF,49
135,135,Sep 8,NYY,SLB,"W,2-1",GS-8,4,1,1,0,0,0,0,0,3,0,0,0,0,,0,,0,0,.351,.486,.756,1.242,3,.88,0.050,.00,0.00%,RF,49
136,136,Sep 9,NYY,SLB,"W,9-3",GS-9,5,3,1,2,0,0,0,4,1,0,0,0,0,,0,,0,0,.353,.488,.755,1.244,3,1.13,0.203,.00,0.00%,RF,49
137,137,Sep 10,NYY,SLB,"W,1-0",GS-9,4,2,0,0,0,0,0,0,2,0,0,0,0,,0,,0,0,.352,.488,.752,1.240,3,1.15,0.031,.00,0.00%,RF,49
138,138,Sep 11,NYY,SLB,"L,2-6",CG,4,4,1,1,0,0,1,1,0,0,0,0,0,,0,,0,0,.351,.487,.754,1.241,3,.78,0.009,.00,0.00%,RF,50
139,139,Sep 13 (1),NYY,CLE,"W,5-3",CG,4,4,1,1,0,0,1,3,0,0,0,0,0,,0,,0,0,.350,.485,.756,1.241,3,1.97,0.204,.00,0.00%,RF,51
140,140,Sep 13 (2),NYY,CLE,"W,5-3",CG,4,4,1,1,0,0,1,1,0,0,2,0,0,,0,,0,0,.349,.484,.758,1.242,3,.71,0.082,.00,0.00%,RF,52
141,141,Sep 14,NYY,CLE,"W,4-1",CG,4,3,0,1,0,0,0,0,1,0,1,0,0,,0,,0,0,.349,.484,.756,1.239,3,.67,-0.061,.00,0.00%,RF,52
142,142,Sep 15,NYY,CLE,"L,2-3",CG,4,4,1,1,1,0,0,0,0,0,1,0,0,,0,,0,0,.348,.482,.754,1.236,3,1.31,-0.037,.00,0.00%,RF,52
143,143,Sep 16,NYY,CHW,"W,7-2",CG,4,4,2,1,0,0,1,1,0,0,0,0,0,,0,,0,0,.347,.481,.756,1.236,3,.60,0.035,.00,0.00%,RF,53
144,144,Sep 17 (1),NYY,CHW,"W,3-2",CG,4,1,1,0,0,0,0,0,3,0,0,0,0,,0,,1,0,.347,.482,.754,1.236,3,.91,0.107,.00,0.00%,RF,53
145,145,Sep 17 (2),NYY,CHW,"W,8-1",CG,5,4,1,3,0,0,0,1,1,1,1,0,0,,0,,0,0,.350,.485,.754,1.239,3,.73,0.048,.00,0.00%,RF,53
146,146,Sep 18 (1),NYY,CHW,"W,2-1",CG,4,4,0,0,0,0,0,0,0,0,0,0,0,,0,,0,0,.347,.482,.748,1.230,3,1.22,-0.134,.00,0.00%,RF,53
147,147,Sep 18 (2),NYY,CHW,"W,5-1",GS-8,4,3,1,2,0,0,1,3,1,0,0,0,0,,0,,0,0,.349,.484,.753,1.237,3,.74,0.160,.00,0.00%,RF,54
148,148,Sep 21,NYY,DET,"L,1-6",CG,5,5,1,3,0,0,1,1,0,0,0,0,0,,1,,0,0,.352,.484,.758,1.242,3,.51,0.069,.00,0.00%,RF,55
149,149,Sep 22,NYY,DET,"W,8-7",CG,5,5,2,1,0,0,1,2,0,0,0,0,0,,1,,0,0,.350,.482,.758,1.241,3,1.87,0.639,.00,0.00%,RF,56
150,150,Sep 24,NYY,DET,"W,6-0",CG,5,4,0,2,0,0,0,0,1,0,2,0,0,,0,,1,0,.351,.483,.756,1.239,3,.46,-0.023,.00,0.00%,RF,56
151,151,Sep 25,NYY,DET,"L,1-6",CG,5,3,0,1,0,0,0,0,2,0,1,0,0,,0,,0,0,.351,.484,.754,1.238,3,.93,0.055,.00,0.00%,RF,56
152,152,Sep 27,NYY,PHA,"W,7-4",CG,5,5,1,2,0,0,1,4,0,0,0,0,0,,1,,0,0,.352,.483,.756,1.240,3,1.28,0.143,.00,0.00%,RF,57
153,153,Sep 29,NYY,WSH,"W,15-4",GS-9,5,5,3,3,0,1,2,6,0,0,0,0,0,,0,,0,0,.354,.484,.770,1.254,3,.33,0.235,.00,0.00%,RF,59
154,154,Sep 30,NYY,WSH,"W,4-2",CG,4,3,3,3,0,0,1,2,1,0,0,0,0,,0,,0,0,.358,.487,.777,1.264,3,1.40,0.272,.00,0.00%,RF,60
155,155,Oct 1,NYY,WSH,"W,4-3",GS-9,4,3,1,0,0,0,0,0,1,0,1,0,0,,0,,0,0,.356,.486,.772,1.258,3,.68,-0.025,.00,0.00%,RF,60
